No,Z,f[^M,t@C,
1,kCDys,0,1100,
2,kCَs,0,1202,
3,kCMs,0,1203,
4,kCs,0,1204,
5,kCs,0,1205,
6,kCHs,0,1206,
7,kCэLs,0,1207,
8,kCks,0,1208,
9,kC[s,0,1209,
10,kC〈s,0,1210,
11,kCԑs,0,1211,
12,kCGs,0,1212,
13,kCϏqs,0,1213,
14,kCts,0,1214,
15,kCSs,0,1215,
16,kCʎs,0,1216,
17,kC]ʎs,0,1217,
18,kCԕs,0,1218,
19,kCʎs,0,1219,
20,kCmʎs,0,1220,
21,kCs,0,1221,
22,kCO}s,0,1222,
23,kCs,0,1223,
24,kCΎs,0,1224,
25,kCs,0,1225,
26,kCs,0,1226,
27,kC̎us,0,1227,
28,kC[s,0,1228,
29,kCxǖs,0,1229,
30,kCoʎs,0,1230,
31,kCbs,0,1231,
32,kCɒBs,0,1233,
33,kCkLs,0,1234,
34,kCΎs,0,1235,
35,kCkls,0,1236,
36,kCʒ,0,1303,
37,kCVÑ,0,1304,
38,kCO,0,1331,
39,kC,0,1332,
40,kCm,0,1333,
41,kC،Ó,0,1334,
42,kCђ,0,1337,
43,kC,0,1343,
44,kCX,0,1345,
45,kC_,0,1346,
46,kC,0,1347,
47,kC],0,1361,
48,kCm,0,1362,
49,kC򕔒,0,1363,
50,kC,0,1364,
51,kCK,0,1367,
52,kC,0,1370,
53,kCȒ,0,1371,
54,kCq,0,1391,
55,kCs,0,1392,
56,kC,0,1393,
57,kCz,0,1394,
58,kCjZR,0,1395,
59,kC^둺,0,1396,
60,kCs,0,1397,
61,kCΕʒ,0,1398,
62,kCɒ,o,1399,
63,kCm,0,1400,
64,kCa,0,1401,
65,kC,0,1402,
66,kC,0,1403,
67,kC_b,0,1404,
68,kCϒO,0,1405,
69,kCÕ,0,1406,
70,kCmؒ,0,1407,
71,kC]s,0,1408,
72,kCԈ쑺,0,1409,
73,kCy,0,1423,
74,kCވ],0,1424,
75,kC㍻쒬,0,1425,
76,kCRm,0,1427,
77,kC,0,1428,
78,kCIR,0,1429,
79,kC`,0,1430,
80,kCYP,0,1431,
81,kCV\Ð쒬,0,1432,
82,kCw,0,1433,
83,kCʒ,0,1434,
84,kCJ,0,1436,
85,kCk,0,1437,
86,kCc,0,1438,
87,kC鐲,0,1452,
88,kC_y,0,1453,
89,kC,0,1454,
90,kCz,0,1455,
91,kCʒ,0,1456,
92,kC쒬,0,1457,
93,kC쒬,o,1458,
94,kCl,o,1459,
95,kCxǖ쒬,0,1460,
96,kCxǖ쒬,o,1461,
97,kCxǖ쒬,0,1462,
98,kC芥,0,1463,
99,kCa,0,1464,
100,kC,0,1465,
101,kC쒬,o,1468,
102,kC[,0,1469,
103,kCЎq{,0,1470,
104,kC쒬,o,1471,
105,kCy,0,1472,
106,kCђ,0,1481,
107,kC,0,1482,
108,kCϑO,0,1483,
109,kCHy,0,1484,
110,kCRʑ,0,1485,
111,kCʒ,0,1486,
112,kCV,0,1487,
113,kC,0,1511,
114,kClڕʒ,0,1512,
115,kCڕʒ,0,1513,
116,kC}K,0,1514,
117,kCLx,0,1516,
118,kC當,0,1517,
119,kCK,o,1518,
120,kCKxm,0,1519,
121,kCy,0,1520,
122,kCy,0,1543,
123,kCÕʒ,0,1544,
124,kCΗ,0,1545,
125,kC,0,1546,
126,kC,0,1547,
127,kCPq{,0,1549,
128,kCu˒,0,1550,
129,kCCԒ,0,1552,
130,kCy,0,1555,
131,kCNʒ,0,1559,
132,kC㒬,0,1560,
133,kC,0,1561,
134,kC,0,1562,
135,kCY,0,1563,
136,kC,o,1564,
137,kCLY,0,1571,
138,kCs˒,0,1575,
139,kCV,0,1578,
140,kC^,o,1581,
141,kCΒ,0,1584,
142,kC,0,1585,
143,kCނ풬,0,1586,
144,kC,0,1601,
145,kC撬,0,1602,
146,kCV,0,1604,
147,kCY͒,0,1607,
148,kCl,0,1608,
149,kC,0,1609,
150,kCVЂ,0,1610,
151,kCX,0,1631,
152,kCmy,0,1632,
153,kCmy,0,1633,
154,kCǒ,0,1634,
155,kCV,0,1635,
156,kC,0,1636,
157,kC莺,0,1637,
158,kCD,0,1638,
159,kCXʑ,0,1639,
160,kC,0,1641,
161,kCL,0,1642,
162,kCʒ,0,1643,
163,kCrc,0,1644,
164,kCL,0,1645,
165,kC{ʒ,0,1646,
166,kC,o,1647,
167,kCʒ,0,1648,
168,kCYy,0,1649,
169,kCH,0,1661,
170,kCݒ,0,1662,
171,kCl,0,1663,
172,kCW,0,1664,
173,kCq,0,1665,
174,kCߋ,0,1667,
175,kCf,0,1668,
176,kCʊC,0,1691,
177,kCWÒ,0,1692,
178,kCWÒ,0,1693,
179,kCP,0,1694,
180,XXs,0,2201,
181,XOOs,0,2202,
182,Xˎs,o,2203,
183,XΎs,0,2204,
184,X܏쌴s,0,2205,
185,X\acs,0,2206,
186,XOs,0,2207,
187,Xނs,0,2208,
188,Xs,0,2209,
189,Xs,0,2210,
190,X,0,2301,
191,Xʒ,0,2303,
192,XHc,0,2304,
193,XOl,o,2307,
194,X˃,0,2321,
195,X[Y,0,2323,
196,Xډ,o,2343,
197,X蒬,o,2361,
198,Xk,0,2362,
199,XcɊّ,o,2367,
200,X,0,2381,
201,Xߓc,0,2384,
202,X,0,2387,
203,XӒn,o,2401,
204,X˒,0,2402,
205,XZ˒,0,2405,
206,Xl,0,2406,
207,Xk,0,2408,
208,XZ,0,2411,
209,X点,0,2412,
210,XԒ,0,2423,
211,Xʑ,0,2424,
212,XԉY,0,2425,
213,X䑺,0,2426,
214,XO˒,0,2441,
215,X܌˒,0,2442,
216,Xcq,0,2443,
217,X암,0,2445,
218,XK㒬,0,2446,
219,XV,0,2450,
220,茧s,0,3201,
221,茧{Îs,0,3202,
222,茧Dns,0,3203,
223,茧Ԋs,0,3205,
224,茧ks,0,3206,
225,茧vs,0,3207,
226,茧s,0,3208,
227,茧֎s,0,3209,
228,茧Ocs,0,3210,
229,茧Ύs,0,3211,
230,茧ˎs,0,3213,
231,茧s,0,3214,
232,茧Bs,0,3215,
233,茧s,0,3216,
234,茧Β,0,3301,
235,茧,0,3302,
236,茧蒬,0,3303,
237,茧g,0,3321,
238,茧В,0,3322,
239,茧a꒬,0,3366,
240,茧P蒬,0,3381,
241,茧,0,3402,
242,茧Zc,0,3441,
243,茧ƒ,0,3461,
244,茧Rc,0,3482,
245,茧,0,3483,
246,茧c씨,0,3484,
247,茧㑺,0,3485,
248,茧yĒ,0,3501,
249,茧c,0,3503,
250,茧ˑ,0,3506,
251,茧m쒬,0,3507,
252,茧˒,0,3524,
253,{錧s,0,4100,
254,{錧Ίs,0,4202,
255,{錧}s,0,4203,
256,{錧Cs,o,4205,
257,{錧Ύs,0,4206,
258,{錧s,0,4207,
259,{錧pcs,0,4208,
260,{錧s,0,4209,
261,{錧s,0,4211,
262,{錧oĎs,0,4212,
263,{錧Is,0,4213,
264,{錧s,o,4214,
265,{錧s,0,4215,
266,{錧xJs,0,4216,
267,{錧,0,4301,
268,{錧h,o,4302,
269,{錧͌,0,4321,
270,{錧c,0,4322,
271,{錧ēc,0,4323,
272,{錧蒬,0,4324,
273,{錧ېX,0,4341,
274,{錧j,0,4361,
275,{錧R,0,4362,
276,{錧,0,4401,
277,{錧l,0,4404,
278,{錧{,o,4406,
279,{錧a,0,4421,
280,{錧勽,0,4422,
281,{錧t,0,4424,
282,{錧F,0,4444,
283,{錧,0,4445,
284,{錧OJ,o,4501,
285,{錧,o,4505,
286,{錧쒬,o,4581,
287,{錧O,0,4606,
288,HcHcs,0,5201,
289,Hc\s,0,5202,
290,Hcs,0,5203,
291,Hcَs,0,5204,
292,Hcjs,0,5206,
293,Hcs,0,5207,
294,Hcps,0,5209,
295,HcR{s,0,5210,
296,Hcs,0,5211,
297,Hcs,0,5212,
298,HckHcs,0,5213,
299,Hcɂَs,0,5214,
300,Hcks,0,5215,
301,Hc⒬,o,5303,
302,Hc㏬m,0,5327,
303,Hc,0,5346,
304,HcO풬,0,5348,
305,Hc,0,5349,
306,Hc܏ڒ,0,5361,
307,HcY,0,5363,
308,Hc쒬,0,5366,
309,Hc劃,0,5368,
310,Hc,0,5434,
311,HcH㒬,0,5463,
312,Hc,0,5464,
313,R`R`s,0,6201,
314,R`đs,o,6202,
315,R`߉s,0,6203,
316,R`cs,0,6204,
317,R`Vs,0,6205,
318,R`͍]s,0,6206,
319,R`Rs,0,6207,
320,R`Rs,0,6208,
321,R`s,0,6209,
322,R`Vs,0,6210,
323,R`s,0,6211,
324,R`ԑs,o,6212,
325,R`zs,0,6213,
326,R`RӒ,0,6301,
327,R`R,0,6302,
328,R`͖k,0,6321,
329,R`쒬,0,6322,
330,R`,0,6323,
331,R`],0,6324,
332,R`Γc,0,6341,
333,R`R,0,6361,
334,R`ŏ㒬,0,6362,
335,R`M`,0,6363,
336,R`^쒬,0,6364,
337,R`呠,0,6365,
338,R`쑺,0,6366,
339,R`ˑ,0,6367,
340,R`,0,6381,
341,R`쐼,0,6382,
342,R`,0,6401,
343,R`钬,0,6402,
344,R`іL,0,6403,
345,R`O쒬,0,6426,
346,R`,0,6428,
347,R`V,0,6461,
348,s,0,7201,
349,Îᏼs,0,7202,
350,SRs,0,7203,
351,킫s,0,7204,
352,͎s,0,7205,
353,{s,0,7207,
354,쑽s,0,7208,
355,ns,0,7209,
356,{s,0,7210,
357,cs,0,7211,
358,쑊ns,0,7212,
359,ɒBs,0,7213,
360,{{s,0,7214,
361,Kܒ,0,7301,
362,,0,7303,
363,얓,0,7308,
364,ʑ,0,7322,
365,Β,0,7342,
366,Vh,0,7344,
367,,0,7362,
368,w},0,7364,
369,,0,7367,
370,Ò,0,7368,
371,k,0,7402,
372,Ò,0,7405,
373,֒,0,7407,
374,c㒬,0,7408,
375,Í≺,0,7421,
376,쑺,0,7422,
377,Ò,0,7423,
378,O,0,7444,
379,R,0,7445,
380,a,0,7446,
381,Ô,0,7447,
382,,0,7461,
383,葺,0,7464,
384,,0,7465,
385,,0,7466,
386,Iq,0,7481,
387,Ւ,0,7482,
388,,0,7483,
389,L쑺,0,7484,
390,ΐ쒬,0,7501,
391,ʐ쑺,0,7502,
392,c,0,7503,
393,쒬,0,7504,
394,Óa,0,7505,
395,Ot,0,7521,
396,쒬,0,7522,
397,L쒬,0,7541,
398,t,0,7542,
399,x,0,7543,
400,,0,7544,
401,F,o,7545,
402,ot,o,7546,
403,Q],o,7547,
404,,0,7548,
405,Vn,0,7561,
406,ъڑ,o,7564,
407,錧ˎs,0,8201,
408,錧s,0,8202,
409,錧yYs,0,8203,
410,錧É͎s,0,8204,
411,錧Ήs,0,8205,
412,錧s,0,8207,
413,錧Ps,0,8208,
414,錧Ȏs,0,8210,
415,錧푍s,0,8211,
416,錧헤cs,0,8212,
417,錧s,0,8214,
418,錧ks,0,8215,
419,錧}Ԏs,0,8216,
420,錧s,0,8217,
421,錧vs,0,8219,
422,錧Ύs,0,8220,
423,錧ЂȂs,o,8221,
424,錧s,0,8222,
425,錧s,0,8223,
426,錧Js,0,8224,
427,錧헤{s,0,8225,
428,錧߉ώs,0,8226,
429,錧}s,0,8227,
430,錧Ⓦs,0,8228,
431,錧~s,0,8229,
432,錧݂s,0,8230,
433,錧s,0,8231,
434,錧_s,0,8232,
435,錧ss,0,8233,
436,錧gcs,0,8234,
437,錧΂݂炢s,0,8235,
438,錧ʎs,0,8236,
439,錧钬,0,8302,
440,錧,0,8309,
441,錧闢,0,8310,
442,錧C,0,8341,
443,錧q,0,8364,
444,錧Y,o,8442,
445,錧,0,8443,
446,錧͓,o,8447,
447,錧㒬,0,8521,
448,錧܉,0,8542,
449,錧,0,8546,
450,錧,0,8564,
451,Ȗ،Fs{s,0,9201,
452,Ȗ،s,0,9202,
453,Ȗ،Ȗ؎s,0,9203,
454,Ȗ،s,0,9204,
455,Ȗ،s,o,9205,
456,Ȗ،s,0,9206,
457,Ȗ،Rs,0,9208,
458,Ȗ،^s,0,9209,
459,Ȗ،cs,0,9210,
460,Ȗ،s,0,9211,
461,Ȗ،ߐ{s,o,9213,
462,Ȗ،s,0,9214,
463,Ȗ،ߐ{GRs,0,9215,
464,Ȗ،s,0,9216,
465,Ȗ،O쒬,o,9301,
466,Ȗ،vq,0,9342,
467,Ȗ،Ζؒ,0,9343,
468,Ȗ،sL,0,9344,
469,Ȗ،F꒬,o,9345,
470,Ȗ،p,0,9361,
471,Ȗ،ؒ,0,9364,
472,Ȗ،J,0,9384,
473,Ȗ،,o,9386,
474,Ȗ،ߐ{,0,9407,
475,Ȗ،߉ϐ쒬,0,9411,
476,QnOs,0,10201,
477,Qns,0,10202,
478,Qnːs,0,10203,
479,Qnɐs,0,10204,
480,Qncs,0,10205,
481,Qncs,0,10206,
482,Qnٗюs,0,10207,
483,Qnas,0,10208,
484,Qns,0,10209,
485,Qnxs,0,10210,
486,Qns,0,10211,
487,Qn݂ǂs,o,10212,
488,QnY,0,10344,
489,Qng,0,10345,
490,Qn쑺,o,10366,
491,Qn_,0,10367,
492,Qnmc,0,10382,
493,Qnq,o,10383,
494,QnÊy,0,10384,
495,QnV,0,10421,
496,Qn쌴,0,10424,
497,Qnڗ,0,10425,
498,QnÒ,o,10426,
499,QnR,0,10428,
500,QnȒ,o,10429,
501,QnЕi,0,10443,
502,Qnꑺ,0,10444,
503,Qna,0,10448,
504,Qn݂Ȃݒ,0,10449,
505,Qnʑ,0,10464,
506,Qnq,o,10521,
507,Qna,o,10522,
508,Qnc,0,10523,
509,Qn,0,10524,
510,QnWy,0,10525,
511,ʌ܎s,0,11100,
512,ʌzs,0,11201,
513,ʌFJs,0,11202,
514,ʌs,0,11203,
515,ʌscs,0,11206,
516,ʌs,0,11207,
517,ʌs,0,11208,
518,ʌє\s,o,11209,
519,ʌ{s,0,11210,
520,ʌ{s,0,11211,
521,ʌRs,0,11212,
522,ʌts,0,11214,
523,ʌRs,0,11215,
524,ʌHs,0,11216,
525,ʌs,0,11217,
526,ʌ[Js,0,11218,
527,ʌs,0,11219,
528,ʌs,0,11221,
529,ʌzJs,0,11222,
530,ʌns,0,11223,
531,ʌ˓cs,0,11224,
532,ʌԎs,0,11225,
533,ʌs,0,11227,
534,ʌu؎s,0,11228,
535,ʌas,0,11229,
536,ʌVs,0,11230,
537,ʌs,0,11231,
538,ʌvs,0,11232,
539,ʌk{s,0,11233,
540,ʌs,0,11234,
541,ʌxms,0,11235,
542,ʌOs,0,11237,
543,ʌ@cs,0,11238,
544,ʌˎs,0,11239,
545,ʌKs,0,11240,
546,ʌ߃s,0,11241,
547,ʌs,0,11242,
548,ʌgs,0,11243,
549,ʌӂݖs,0,11245,
550,ʌs,0,11246,
551,ʌɓޒ,0,11301,
552,ʌOF,0,11324,
553,ʌјCR,0,11326,
554,ʌz,0,11327,
555,ʌ쒬,0,11341,
556,ʌR,0,11342,
557,ʌ쒬,0,11343,
558,ʌ쓇,0,11346,
559,ʌg,0,11347,
560,ʌR,0,11348,
561,ʌƂ풬,0,11349,
562,ʌ,0,11361,
563,ʌF쒬,0,11362,
564,ʌҒ,0,11363,
565,ʌ쒬,0,11365,
566,ʌ,0,11369,
567,ʌ,0,11381,
568,ʌ_쒬,0,11383,
569,ʌ㗢,0,11385,
570,ʌ񋏒,0,11408,
571,ʌ{㒬,0,11442,
572,ʌ˒,0,11464,
573,ʌ,0,11465,
574,tts,0,12100,
575,tqs,o,12202,
576,tss,0,12203,
577,tDs,0,12204,
578,tَRs,0,12205,
579,t؍XÎs,o,12206,
580,tˎs,0,12207,
581,tcs,0,12208,
582,tΌs,0,12210,
583,tcs,0,12211,
584,tqs,0,12212,
585,ts,0,12213,
586,ts,0,12215,
587,tKus,0,12216,
588,ts,0,12217,
589,tYs,0,12218,
590,tss,o,12219,
591,tRs,0,12220,
592,ts,0,12221,
593,t䑷qs,0,12222,
594,ts,0,12223,
595,tPJs,0,12224,
596,tNÎs,0,12225,
597,txÎs,0,12226,
598,tYs,0,12227,
599,tlXs,0,12228,
600,tPYs,o,12229,
601,tXs,0,12230,
602,t󐼎s,0,12231,
603,ts,o,12232,
604,txs,0,12233,
605,t[s,o,12234,
606,txs,0,12235,
607,ts,0,12236,
608,tRs,0,12237,
609,tݎs,0,12238,
610,tԔs,0,12239,
611,tX䒬,0,12322,
612,th,o,12329,
613,t_蒬,o,12342,
614,tÒ,0,12347,
615,t,0,12349,
616,t\㗢,0,12403,
617,tŎR,0,12409,
618,tŌ,0,12410,
619,t{,0,12421,
620,tr,0,12422,
621,t,0,12423,
622,tq,0,12424,
623,t,0,12426,
624,t쒬,o,12427,
625,t命쒬,0,12441,
626,th,0,12443,
627,t쒬,0,12463,
628,sc,o,13101,
629,s,0,13102,
630,s`,o,13103,
631,sVh,o,13104,
632,s,0,13105,
633,s䓌,o,13106,
634,snc,o,13107,
635,s],o,13108,
636,si,o,13109,
637,sڍ,0,13110,
638,sc,o,13111,
639,scJ,0,13112,
640,saJ,o,13113,
641,s,o,13114,
642,s,0,13115,
643,sL,0,13116,
644,sk,o,13117,
645,sr,0,13118,
646,s,o,13119,
647,sn,0,13120,
648,s,o,13121,
649,s,0,13122,
650,s]ː,o,13123,
651,sqs,0,13201,
652,ss,0,13202,
653,ss,o,13203,
654,sOs,0,13204,
655,s~s,0,13205,
656,s{s,0,13206,
657,ss,o,13207,
658,szs,0,13208,
659,scs,0,13209,
660,ss,o,13210,
661,ss,0,13211,
662,ss,0,13212,
663,sRs,0,13213,
664,ss,o,13214,
665,ss,0,13215,
666,ss,0,13218,
667,s]s,0,13219,
668,sas,0,13220,
669,ss,0,13221,
670,svĎs,0,13222,
671,sRs,o,13223,
672,ss,0,13224,
673,ss,0,13225,
674,sHs,0,13227,
675,ss,0,13228,
676,ss,o,13229,
677,s䒬,o,13303,
678,s̏o,o,13305,
679,sw,o,13307,
680,s,o,13308,
681,s哇,0,13361,
682,s,o,13362,
683,sV,o,13363,
684,s_Ó,o,13364,
685,sO,0,13381,
686,s䑠,o,13382,
687,s䒬,o,13401,
688,s,o,13402,
689,s},0,13421,
690,_ސ쌧ls,0,14100,
691,_ސ쌧s,0,14130,
692,_ސ쌧͌s,o,14150,
693,_ސ쌧{s,0,14201,
694,_ސ쌧ˎs,0,14203,
695,_ސ쌧qs,o,14204,
696,_ސ쌧s,o,14205,
697,_ސ쌧cs,o,14206,
698,_ސ쌧s,0,14207,
699,_ސ쌧qs,o,14208,
700,_ސ쌧OYs,o,14210,
701,_ސ쌧`s,0,14211,
702,_ސ쌧؎s,0,14212,
703,_ސ쌧as,0,14213,
704,_ސ쌧ɐs,o,14214,
705,_ސ쌧CVs,0,14215,
706,_ސ쌧Ԏs,0,14216,
707,_ސ쌧쑫s,o,14217,
708,_ސ쌧s,o,14218,
709,_ސ쌧tR,0,14301,
710,_ސ쌧쒬,o,14321,
711,_ސ쌧钬,0,14341,
712,_ސ쌧{,0,14342,
713,_ސ쌧䒬,0,14361,
714,_ސ쌧䒬,o,14362,
715,_ސ쌧c,o,14363,
716,_ސ쌧Rk,o,14364,
717,_ސ쌧J,o,14366,
718,_ސ쌧,o,14382,
719,_ސ쌧^ߒ,o,14383,
720,_ސ쌧͌,0,14384,
721,_ސ쌧쒬,o,14401,
722,_ސ쌧쑺,o,14402,
723,VVs,0,15100,
724,Vs,o,15202,
725,VOs,0,15204,
726,Vs,0,15205,
727,VVcs,0,15206,
728,VJs,0,15208,
729,VΎs,o,15209,
730,V\s,o,15210,
731,Vs,0,15211,
732,Vs,0,15212,
733,Vs,0,15213,
734,Vs,0,15216,
735,Vs,o,15217,
736,Vܐs,0,15218,
737,Vzs,0,15222,
738,Vs,o,15223,
739,Vns,0,15224,
740,Vs,o,15225,
741,V싛s,0,15226,
742,Vٓs,0,15227,
743,VĒ,0,15307,
744,VF,0,15342,
745,Vc㒬,0,15361,
746,V꒬,o,15385,
747,Vo_蒬,0,15405,
748,V,o,15461,
749,VÓ쒬,o,15482,
750,VH,o,15504,
751,V֐쑺,0,15581,
752,VY,0,15586,
753,xRxRs,0,16201,
754,xRs,0,16202,
755,xRÎs,0,16204,
756,xRXs,0,16205,
757,xRs,0,16206,
758,xRs,0,16207,
759,xRvgs,0,16208,
760,xRs,0,16209,
761,xRvs,0,16210,
762,xRːs,0,16211,
763,xRM,o,16321,
764,xRs,0,16322,
765,xRR,0,16323,
766,xRP,0,16342,
767,xR,0,16343,
768,ΐ쌧s,0,17201,
769,ΐ쌧s,0,17202,
770,ΐ쌧s,0,17203,
771,ΐ쌧֓s,0,17204,
772,ΐ쌧Fs,0,17205,
773,ΐ쌧s,0,17206,
774,ΐ쌧Hs,0,17207,
775,ΐ쌧قs,0,17209,
776,ΐ쌧Rs,0,17210,
777,ΐ쌧\s,0,17211,
778,ΐ쌧Xss,0,17212,
779,ΐ쌧k,0,17324,
780,ΐ쌧Ô,0,17361,
781,ΐ쌧咬,0,17365,
782,ΐ쌧u꒬,0,17384,
783,ΐ쌧Bu,0,17386,
784,ΐ쌧\o,0,17407,
785,ΐ쌧,0,17461,
786,ΐ쌧\o,0,17463,
787,䌧s,0,18201,
788,䌧։s,0,18202,
789,䌧ls,0,18204,
790,䌧s,0,18205,
791,䌧Rs,0,18206,
792,䌧I]s,0,18207,
793,䌧s,0,18208,
794,䌧zOs,0,18209,
795,䌧s,0,18210,
796,䌧i,0,18322,
797,䌧rc,0,18382,
798,䌧zO,0,18404,
799,䌧zO,0,18423,
800,䌧l,0,18442,
801,䌧l,0,18481,
802,䌧,0,18483,
803,䌧ዷ,0,18501,
804,Rb{s,0,19201,
805,Rxmgcs,o,19202,
806,Rss,o,19204,
807,RRs,o,19205,
808,R匎s,0,19206,
809,RBs,0,19207,
810,RAvXs,0,19208,
811,Rkms,o,19209,
812,Rbs,o,19210,
813,RJs,0,19211,
814,R쌴s,0,19212,
815,RbBs,o,19213,
816,Rs,o,19214,
817,RsO,o,19346,
818,R쒬,o,19364,
819,Rg,o,19365,
820,R암,o,19366,
821,Rxm쒬,o,19368,
822,Ra,o,19384,
823,Ru,o,19422,
824,Rj,o,19423,
825,RE쑺,0,19424,
826,RRΑ,o,19425,
827,R,o,19429,
828,Rxm͌Β,o,19430,
829,R,o,19442,
830,ROgR,o,19443,
831,쌧s,o,20201,
832,쌧{s,0,20202,
833,쌧cs,o,20203,
834,쌧Js,o,20204,
835,쌧ѓcs,0,20205,
836,쌧zKs,0,20206,
837,쌧{s,0,20207,
838,쌧s,0,20208,
839,쌧ɓߎs,0,20209,
840,쌧s,0,20210,
841,쌧s,0,20211,
842,쌧咬s,0,20212,
843,쌧юRs,0,20213,
844,쌧s,0,20214,
845,쌧Ks,0,20215,
846,쌧vs,o,20217,
847,쌧Ȏs,0,20218,
848,쌧s,0,20219,
849,쌧ܖs,0,20220,
850,쌧C,o,20303,
851,쌧㑺,0,20304,
852,쌧q,o,20305,
853,쌧쑊ؑ,o,20306,
854,쌧kؑ,o,20307,
855,쌧v䒬,o,20309,
856,쌧y,0,20321,
857,쌧c,0,20323,
858,쌧Ȓ,0,20324,
859,쌧ؑ,o,20349,
860,쌧a,o,20350,
861,쌧zK,o,20361,
862,쌧xm,o,20362,
863,쌧,0,20363,
864,쌧C쒬,0,20382,
865,쌧֒,o,20383,
866,쌧ѓ,0,20384,
867,쌧얥֑,o,20385,
868,쌧쑺,0,20386,
869,쌧{c,0,20388,
870,쌧쒬,0,20402,
871,쌧X,o,20403,
872,쌧쒬,0,20404,
873,쌧q,o,20407,
874,쌧J,o,20409,
875,쌧H,o,20410,
876,쌧,0,20411,
877,쌧ؑ,o,20412,
878,쌧V,0,20413,
879,쌧ו,0,20414,
880,쌧ؑ,0,20415,
881,쌧Lu,0,20416,
882,쌧厭,o,20417,
883,쌧㏼,o,20422,
884,쌧ؑ],o,20423,
885,쌧ؑc,0,20425,
886,쌧ꑺ,o,20429,
887,쌧K,o,20430,
888,쌧ؑ],o,20432,
889,쌧ё,o,20446,
890,쌧⑺,0,20448,
891,쌧R`,o,20450,
892,쌧,0,20451,
893,쌧}k,o,20452,
894,쌧rc,o,20481,
895,쌧쑺,0,20482,
896,쌧n,0,20485,
897,쌧J,0,20486,
898,쌧钬,o,20521,
899,쌧z{,o,20541,
900,쌧R,0,20543,
901,쌧Rm,0,20561,
902,쌧ؓ,0,20562,
903,쌧򉷐,0,20563,
904,쌧MZ,0,20583,
905,쌧쑺,0,20588,
906,쌧эj,0,20590,
907,쌧h,0,20602,
908,򕌌򕌎s,0,21201,
909,򕌌_s,0,21202,
910,򕌌Rs,0,21203,
911,򕌌s,0,21204,
912,򕌌֎s,0,21205,
913,򕌌Ðs,0,21206,
914,򕌌Zs,0,21207,
915,򕌌Qs,0,21208,
916,򕌌Hs,0,21209,
917,򕌌bߎs,0,21210,
918,򕌌ZΎs,0,21211,
919,򕌌ys,0,21212,
920,򕌌es,0,21213,
921,򕌌s,0,21214,
922,򕌌Rs,0,21215,
923,򕌌s,0,21216,
924,򕌌ˎs,0,21217,
925,򕌌{s,0,21218,
926,򕌌Ss,0,21219,
927,򕌌Cs,0,21220,
928,򕌌CÎs,0,21221,
929,򕌌쒬,0,21302,
930,򕌌},0,21303,
931,򕌌{V,0,21341,
932,򕌌䒬,0,21361,
933,򕌌փP,0,21362,
934,򕌌_˒,0,21381,
935,򕌌֔V,0,21382,
936,򕌌,0,21383,
937,򕌌K쒬,0,21401,
938,򕌌쒬,0,21403,
939,򕌌rc,0,21404,
940,򕌌k,0,21421,
941,򕌌j,0,21501,
942,򕌌x,0,21502,
943,򕌌Ӓ,0,21503,
944,򕌌@,0,21504,
945,򕌌SÒ,0,21505,
946,򕌌쒬,0,21506,
947,򕌌쑺,0,21507,
948,򕌌䐓,0,21521,
949,򕌌쑺,o,21604,
950,ÉÉs,o,22100,
951,Éls,0,22130,
952,ÉÎs,0,22203,
953,ÉMCs,0,22205,
954,ÉOs,0,22206,
955,Éxm{s,0,22207,
956,Éɓs,0,22208,
957,Écs,0,22209,
958,Éxms,0,22210,
959,É֓cs,0,22211,
960,ÉĒÎs,0,22212,
961,É|s,0,22213,
962,É}s,0,22214,
963,Éas,0,22215,
964,É܈s,0,22216,
965,Écs,0,22219,
966,És,0,22220,
967,Éΐs,0,22221,
968,Éɓs,0,22222,
969,ÉOs,0,22223,
970,Ées,0,22224,
971,Éɓ̍s,0,22225,
972,ÉqVs,0,22226,
973,Éɓ,0,22301,
974,É͒Ò,0,22302,
975,Éɓ,0,22304,
976,É蒬,0,22305,
977,Éɓ,o,22306,
978,É쒬,0,22325,
979,É,0,22341,
980,É,0,22342,
981,ÉR,0,22344,
982,Égc,0,22424,
983,É썪{,0,22429,
984,ÉX,0,22461,
985,mÉs,0,23100,
986,mLs,0,23201,
987,ms,0,23202,
988,m{s,0,23203,
989,mˎs,0,23204,
990,mcs,0,23205,
991,mts,0,23206,
992,mLs,o,23207,
993,mÓs,0,23208,
994,mɓs,o,23209,
995,mJs,0,23210,
996,mLcs,0,23211,
997,ms,0,23212,
998,ms,0,23213,
999,mSs,0,23214,
1000,mRs,0,23215,
1001,m튊s,0,23216,
1002,m]s,0,23217,
1003,mqs,0,23219,
1004,ms,0,23220,
1005,mVs,0,23221,
1006,mCs,0,23222,
1007,m{s,0,23223,
1008,mms,0,23224,
1009,mms,0,23225,
1010,ms,0,23226,
1011,mls,0,23227,
1012,mqs,0,23228,
1013,mLs,0,23229,
1014,mis,0,23230,
1015,mcs,0,23231,
1016,ms,0,23232,
1017,m{s,0,23233,
1018,mkÉs,o,23234,
1019,mxs,o,23235,
1020,m݂悵s,0,23236,
1021,m܎s,o,23237,
1022,mvs,0,23238,
1023,m,0,23302,
1024,mLR,0,23342,
1025,m,o,23361,
1026,m}K,0,23362,
1027,m厡,0,23424,
1028,mI],0,23425,
1029,m򓇑,o,23427,
1030,mv䒬,0,23441,
1031,mY,0,23442,
1032,mm,o,23445,
1033,ml,0,23446,
1034,mL,o,23447,
1035,mKc,0,23501,
1036,m݊y,o,23561,
1037,mh,0,23562,
1038,mL,0,23563,
1039,OdÎs,0,24201,
1040,Odlss,0,24202,
1041,Odɐs,0,24203,
1042,Ods,0,24204,
1043,OdKs,0,24205,
1044,Od鎭s,0,24207,
1045,Ods,0,24208,
1046,Odhs,0,24209,
1047,OdTRs,0,24210,
1048,OdHs,0,24211,
1049,OdFs,0,24212,
1050,OdȂ׎s,o,24214,
1051,Odus,0,24215,
1052,Odɉs,0,24216,
1053,Odؑ],0,24303,
1054,Od,0,24324,
1055,OdԖ쒬,0,24341,
1056,Od,0,24343,
1057,Odz,0,24344,
1058,OdC,0,24441,
1059,Oda,0,24442,
1060,Od䒬,0,24443,
1061,Odʏ钬,0,24461,
1062,Odx,0,24470,
1063,OdI,0,24471,
1064,Odɐ,0,24472,
1065,OdIk,0,24543,
1066,Odl,0,24561,
1067,OdI,0,24562,
1068,ꌧÎs,0,25201,
1069,ꌧFs,0,25202,
1070,ꌧls,o,25203,
1071,ꌧߍ]s,o,25204,
1072,ꌧÎs,0,25206,
1073,ꌧRs,0,25207,
1074,ꌧIs,o,25208,
1075,ꌧbs,0,25209,
1076,ꌧFs,0,25210,
1077,ꌧΓs,0,25211,
1078,ꌧs,o,25212,
1079,ꌧߍ]s,o,25213,
1080,ꌧČs,0,25214,
1081,ꌧ쒬,0,25383,
1082,ꌧ,o,25384,
1083,ꌧ,0,25425,
1084,ꌧL,o,25441,
1085,ꌧbǒ,0,25442,
1086,ꌧ꒬,o,25443,
1087,s{ss,0,26100,
1088,s{mRs,0,26201,
1089,s{ߎs,0,26202,
1090,s{s,0,26203,
1091,s{Fs,0,26204,
1092,s{{Îs,o,26205,
1093,s{Ts,0,26206,
1094,s{zs,0,26207,
1095,s{s,0,26208,
1096,s{s,0,26209,
1097,s{s,0,26210,
1098,s{cӎs,0,26211,
1099,s{Os,0,26212,
1100,s{Os,0,26213,
1101,s{ؒÐs,0,26214,
1102,s{R蒬,0,26303,
1103,s{vR,0,26322,
1104,s{蒬,0,26343,
1105,s{Fc,0,26344,
1106,s{}u,0,26364,
1107,s{a,0,26365,
1108,s{ؒ,0,26366,
1109,s{R鑺,0,26367,
1110,s{Og,0,26407,
1111,s{ɍ,0,26463,
1112,s{^Ӗ쒬,o,26465,
1113,{s,0,27100,
1114,{s,0,27140,
1115,{ݘacs,0,27202,
1116,{Ls,0,27203,
1117,{rcs,0,27204,
1118,{cs,0,27205,
1119,{Îs,0,27206,
1120,{Ύs,0,27207,
1121,{Lˎs,0,27208,
1122,{s,0,27209,
1123,{s,0,27210,
1124,{؎s,0,27211,
1125,{s,0,27212,
1126,{򍲖s,0,27213,
1127,{xcюs,0,27214,
1128,{Qs,0,27215,
1129,{͓s,0,27216,
1130,{s,0,27217,
1131,{哌s,0,27218,
1132,{as,0,27219,
1133,{ʎs,0,27220,
1134,{s,0,27221,
1135,{Hgs,0,27222,
1136,{^s,0,27223,
1137,{ےÎs,0,27224,
1138,{Ύs,0,27225,
1139,{䎛s,0,27226,
1140,{s,0,27227,
1141,{s,0,27228,
1142,{ls,0,27229,
1143,{s,0,27230,
1144,{㋷Rs,0,27231,
1145,{s,0,27232,
1146,{{,0,27301,
1147,{L\,0,27321,
1148,{\,0,27322,
1149,{,0,27341,
1150,{F撬,0,27361,
1151,{cK,0,27362,
1152,{,0,27366,
1153,{q,0,27381,
1154,{͓쒬,0,27382,
1155,{瑁ԍ㑺,0,27383,
1156,Ɍ_ˎs,0,28100,
1157,ɌPHs,0,28201,
1158,Ɍs,0,28202,
1159,ɌΎs,0,28203,
1160,Ɍ{s,0,28204,
1161,ɌF{s,0,28205,
1162,Ɍs,0,28206,
1163,ɌɒOs,0,28207,
1164,Ɍs,0,28208,
1165,ɌLs,0,28209,
1166,ɌÐs,0,28210,
1167,Ɍԕs,0,28212,
1168,Ɍes,0,28213,
1169,Ɍˎs,0,28214,
1170,ɌO؎s,0,28215,
1171,Ɍs,0,28216,
1172,Ɍ쐼s,0,28217,
1173,Ɍs,0,28218,
1174,ɌOcs,0,28219,
1175,Ɍs,0,28220,
1176,ɌRs,o,28221,
1177,Ɍ{s,0,28222,
1178,ɌOgs,o,28223,
1179,Ɍ삠킶s,0,28224,
1180,Ɍs,o,28225,
1181,ɌWHs,0,28226,
1182,Ɍs,0,28227,
1183,Ɍs,0,28228,
1184,Ɍ̎s,0,28229,
1185,Ɍ쒬,0,28301,
1186,Ɍ,0,28365,
1187,Ɍ,0,28381,
1188,Ɍd,0,28382,
1189,Ɍs쒬,0,28442,
1190,Ɍ蒬,0,28443,
1191,Ɍ_͒,0,28446,
1192,Ɍq,0,28464,
1193,ɌS,0,28481,
1194,Ɍp,0,28501,
1195,Ɍ,o,28585,
1196,ɌV,0,28586,
1197,ޗǌޗǎs,0,29201,
1198,ޗǌacs,0,29202,
1199,ޗǌaSRs,0,29203,
1200,ޗǌVs,0,29204,
1201,ޗǌs,0,29205,
1202,ޗǌs,0,29206,
1203,ޗǌܞs,0,29207,
1204,ޗǌ䏊s,0,29208,
1205,ޗǌs,0,29209,
1206,ޗǌŎs,0,29210,
1207,ޗǌs,0,29211,
1208,ޗǌFɎs,0,29212,
1209,ޗǌRY,0,29322,
1210,ޗǌQ,0,29342,
1211,ޗǌO,0,29343,
1212,ޗǌ,0,29344,
1213,ޗǌg,0,29345,
1214,ޗǌ쐼,0,29361,
1215,ޗǌO,0,29362,
1216,ޗǌc{,0,29363,
1217,ޗǌ],0,29385,
1218,ޗǌ,0,29386,
1219,ޗǌ撬,0,29401,
1220,ޗǌ,0,29402,
1221,ޗǌq,0,29424,
1222,ޗǌ,0,29425,
1223,ޗǌL˒,0,29426,
1224,ޗǌ͍,o,29427,
1225,ޗǌg쒬,0,29441,
1226,ޗǌ嗄,0,29442,
1227,ޗǌs,0,29443,
1228,ޗǌꑺ,0,29444,
1229,ޗǌV쑺,0,29446,
1230,ޗǌ씗쑺,0,29447,
1231,ޗǌ\Ð쑺,o,29449,
1232,ޗǌkR,0,29450,
1233,ޗǌkR,0,29451,
1234,ޗǌ㑺,0,29452,
1235,ޗǌg쑺,0,29453,
1236,a̎Ra̎Rs,0,30201,
1237,a̎RCs,0,30202,
1238,a̎R{s,0,30203,
1239,a̎RLcs,0,30204,
1240,a̎RVs,0,30205,
1241,a̎Rcӎs,0,30206,
1242,a̎RV{s,0,30207,
1243,a̎RI̐s,0,30208,
1244,a̎Ros,0,30209,
1245,a̎RI쒬,0,30304,
1246,a̎R炬,0,30341,
1247,a̎RxR,0,30343,
1248,a̎R쒬,0,30344,
1249,a̎R,0,30361,
1250,a̎RL쒬,0,30362,
1251,a̎RLc쒬,0,30366,
1252,a̎Rl,0,30381,
1253,a̎R,0,30382,
1254,a̎RRǒ,0,30383,
1255,a̎R쒬,0,30390,
1256,a̎R݂Ȃג,0,30391,
1257,a̎R쒬,0,30392,
1258,a̎Rl,0,30401,
1259,a̎Rxc,0,30404,
1260,a̎Rݒ,0,30406,
1261,a̎RߒqY,0,30421,
1262,a̎Rn,0,30422,
1263,a̎RÍ쒬,0,30424,
1264,a̎RkR,0,30427,
1265,a̎R{,0,30428,
1266,挧s,0,31201,
1267,挧Ďqs,0,31202,
1268,挧qgs,0,31203,
1269,挧`s,0,31204,
1270,挧,0,31302,
1271,挧,0,31325,
1272,挧q,0,31328,
1273,挧,0,31329,
1274,挧O,0,31364,
1275,挧l,0,31370,
1276,挧ՉY,0,31371,
1277,挧kh,0,31372,
1278,挧gÑ,0,31384,
1279,挧R,0,31386,
1280,挧암,0,31389,
1281,挧˒,0,31390,
1282,挧쒬,0,31401,
1283,挧쒬,0,31402,
1284,挧]{,0,31403,
1285,]s,0,32201,
1286,lcs,0,32202,
1287,o_s,0,32203,
1288,vcs,0,32204,
1289,cs,0,32205,
1290,s,0,32206,
1291,]Îs,0,32207,
1292,_s,0,32209,
1293,o_,0,32343,
1294,ѓ쒬,0,32386,
1295,{,0,32441,
1296,,0,32448,
1297,W쒬,0,32449,
1298,Øa쒬,0,32501,
1299,g꒬,0,32505,
1300,Cm,0,32525,
1301,m,0,32526,
1302,mv,0,32527,
1303,B̓,0,32528,
1304,RRs,0,33100,
1305,Rq~s,0,33202,
1306,RÎRs,0,33203,
1307,Rʖs,0,33204,
1308,R}s,0,33205,
1309,R䌴s,0,33207,
1310,RЎs,0,33208,
1311,Rs,0,33209,
1312,RVs,0,33210,
1313,ROs,0,33211,
1314,R˓s,0,33212,
1315,RԔ֎s,0,33213,
1316,R^s,0,33214,
1317,Rs,0,33215,
1318,Rs,0,33216,
1319,RaC,0,33346,
1320,R,o,33423,
1321,R,o,33445,
1322,R|,0,33461,
1323,RV,0,33586,
1324,R쒬,0,33606,
1325,R,0,33622,
1326,Rދ`,0,33623,
1327,Rq,0,33643,
1328,Rvē쒬,0,33663,
1329,R璬,o,33666,
1330,Rg,0,33681,
1331,LLs,o,34100,
1332,Ls,0,34202,
1333,L|s,0,34203,
1334,LOs,o,34204,
1335,Ls,0,34205,
1336,LRs,o,34207,
1337,L{s,o,34208,
1338,LOs,o,34209,
1339,Ls,o,34210,
1340,L|s,o,34211,
1341,LLs,o,34212,
1342,Lss,0,34213,
1343,L|cs,0,34214,
1344,L]cs,0,34215,
1345,L{,0,34302,
1346,LCc,0,34304,
1347,LF쒬,o,34307,
1348,L⒬,0,34309,
1349,L|c,o,34368,
1350,LkL,o,34369,
1351,L㓇,o,34431,
1352,L,o,34462,
1353,L_΍,0,34545,
1354,R֎s,0,35201,
1355,RFs,0,35202,
1356,RRs,0,35203,
1357,Rs,0,35204,
1358,Rh{s,0,35206,
1359,Rs,0,35207,
1360,R⍑s,0,35208,
1361,Rs,0,35210,
1362,Rs,0,35211,
1363,Rs,0,35212,
1364,RIs,0,35213,
1365,Rs,0,35215,
1366,RRzcs,0,35216,
1367,Rh哇,0,35305,
1368,Raؒ,0,35321,
1369,R֒,0,35341,
1370,Rcz{,0,35343,
1371,R,0,35344,
1372,R,0,35502,
1373,s,0,36201,
1374,s,0,36202,
1375,s,0,36203,
1376,s,0,36204,
1377,gs,0,36205,
1378,gs,0,36206,
1379,ns,0,36207,
1380,ODs,0,36208,
1381,Y,0,36301,
1382,㏟,0,36302,
1383,߉͓,0,36321,
1384,Έ䒬,0,36341,
1385,_R,0,36342,
1386,߉꒬,0,36368,
1387,,0,36383,
1388,g,0,36387,
1389,Cz,0,36388,
1390,Β,0,36401,
1391,k,0,36402,
1392,Z,0,36403,
1393,쒬,0,36404,
1394,,0,36405,
1395,邬,0,36468,
1396,݂悵,0,36489,
1397,쌧s,0,37201,
1398,쌧ۋTs,0,37202,
1399,쌧os,0,37203,
1400,쌧Pʎs,0,37204,
1401,쌧ωs,0,37205,
1402,쌧ʂs,0,37206,
1403,쌧s,o,37207,
1404,쌧OLs,0,37208,
1405,쌧y,0,37322,
1406,쌧,0,37324,
1407,쌧Oؒ,0,37341,
1408,쌧,0,37364,
1409,쌧FÒ,0,37386,
1410,쌧쒬,0,37387,
1411,쌧Օ,0,37403,
1412,쌧xÒ,0,37404,
1413,쌧܂̂,0,37406,
1414,QRs,0,38201,
1415,Qs,0,38202,
1416,QFas,0,38203,
1417,Qls,0,38204,
1418,QVls,0,38205,
1419,Qs,0,38206,
1420,QFs,0,38207,
1421,Qɗ\s,0,38210,
1422,Qls,0,38213,
1423,Q\s,0,38214,
1424,Qs,0,38215,
1425,Q㓇,0,38356,
1426,Qv,0,38386,
1427,QO,0,38401,
1428,Qu,0,38402,
1429,Qq,0,38422,
1430,Qɕ,0,38442,
1431,Q쒬,0,38484,
1432,QSk,0,38488,
1433,Q쒬,0,38506,
1434,mms,0,39201,
1435,mˎs,0,39202,
1436,m|s,0,39203,
1437,m썑s,0,39204,
1438,mys,0,39205,
1439,m{s,0,39206,
1440,mhюs,0,39208,
1441,mys,0,39209,
1442,ml\s,0,39210,
1443,ms,0,39211,
1444,ms,0,39212,
1445,mm,0,39301,
1446,mޔ,0,39302,
1447,mc쒬,0,39303,
1448,mc,0,39304,
1449,mk쑺,0,39305,
1450,mnH,0,39306,
1451,m|,0,39307,
1452,m{R,0,39341,
1453,mL,o,39344,
1454,my,o,39363,
1455,m쑺,o,39364,
1456,m̒,0,39386,
1457,mm쒬,0,39387,
1458,my,0,39401,
1459,m쒬,o,39402,
1460,mzm,0,39403,
1461,m,0,39405,
1462,m,0,39410,
1463,mÖ쒬,o,39411,
1464,ml\,0,39412,
1465,m匎,0,39424,
1466,mO,0,39427,
1467,m,0,39428,
1468,kBs,0,40100,
1469,s,0,40130,
1470,喴cs,0,40202,
1471,vĎs,0,40203,
1472,s,0,40204,
1473,ђˎs,0,40205,
1474,cs,0,40206,
1475,s,0,40207,
1476,s,0,40210,
1477,}s,0,40211,
1478,s,0,40212,
1479,ss,0,40213,
1480,LOs,0,40214,
1481,Ԏs,0,40215,
1482,Ss,0,40216,
1483,}s,0,40217,
1484,ts,0,40218,
1485,s,0,40219,
1486,@s,0,40220,
1487,ɕ{s,0,40221,
1488,És,0,40223,
1489,Îs,0,40224,
1490,͎s,0,40225,
1491,{s,0,40226,
1492,Ös,0,40227,
1493,qs,0,40228,
1494,݂܎s,0,40229,
1495,s,0,40230,
1496,߉ϐ쒬,0,40231,
1497,F,0,40341,
1498,I,0,40342,
1499,uƒ,0,40343,
1500,{b,0,40344,
1501,V{,0,40345,
1502,vR,0,40348,
1503,,0,40349,
1504,,0,40381,
1505,,0,40382,
1506,_,0,40383,
1507,꒬,0,40384,
1508,|,0,40401,
1509,Ǝ蒬,0,40402,
1510,j쒬,0,40421,
1511,}O,0,40447,
1512,,0,40448,
1513,品,0,40503,
1514,ؒ,0,40522,
1515,L쒬,0,40544,
1516,t,0,40601,
1517,Yc,0,40602,
1518,c,0,40604,
1519,蒬,0,40605,
1520,C,0,40608,
1521,ԑ,0,40609,
1522,q,0,40610,
1523,c,0,40621,
1524,݂₱,0,40625,
1525,gx,0,40642,
1526,ђ,0,40646,
1527,z㒬,0,40647,
1528,ꌧs,0,41201,
1529,ꌧÎs,0,41202,
1530,ꌧs,0,41203,
1531,ꌧvs,0,41204,
1532,ꌧɖs,0,41205,
1533,ꌧYs,0,41206,
1534,ꌧs,0,41207,
1535,ꌧs,0,41208,
1536,ꌧs,0,41209,
1537,ꌧ_s,0,41210,
1538,ꌧg샖,0,41327,
1539,ꌧR,0,41341,
1540,ꌧ,0,41345,
1541,ꌧ݂₫,o,41346,
1542,ꌧC,o,41387,
1543,ꌧLc,0,41401,
1544,ꌧ咬,0,41423,
1545,ꌧ]k,0,41424,
1546,ꌧΒ,0,41425,
1547,ꌧǒ,0,41441,
1548,茧s,0,42201,
1549,茧ێs,0,42202,
1550,茧s,0,42203,
1551,茧|s,0,42204,
1552,茧呺s,0,42205,
1553,茧ˎs,0,42207,
1554,茧Ys,0,42208,
1555,茧Δns,0,42209,
1556,茧s,0,42210,
1557,茧ܓs,0,42211,
1558,茧Cs,0,42212,
1559,茧_s,0,42213,
1560,茧쓇s,0,42214,
1561,茧^,0,42307,
1562,茧Ò,0,42308,
1563,茧ދn,0,42321,
1564,茧I,0,42322,
1565,茧g,0,42323,
1566,茧l꒬,0,42383,
1567,茧X,0,42391,
1568,茧Vܓ,0,42411,
1569,F{F{s,0,43100,
1570,F{s,0,43202,
1571,F{lgs,0,43203,
1572,F{rs,0,43204,
1573,F{s,0,43205,
1574,F{ʖs,0,43206,
1575,F{Rs,0,43208,
1576,F{ers,0,43210,
1577,F{Fys,0,43211,
1578,F{Vs,0,43212,
1579,F{Fs,0,43213,
1580,F{hs,0,43214,
1581,F{Vs,0,43215,
1582,F{us,0,43216,
1583,F{,0,43348,
1584,F{ʓ,0,43364,
1585,F{֒,0,43367,
1586,F{F,0,43368,
1587,F{a,0,43369,
1588,F{Ò,0,43403,
1589,F{ez,0,43404,
1590,F{쏬,0,43423,
1591,F{,0,43424,
1592,F{YR,0,43425,
1593,F{X,0,43428,
1594,F{,0,43432,
1595,F{숢h,0,43433,
1596,F{D,0,43441,
1597,F{Ó,0,43442,
1598,F{v钬,0,43443,
1599,F{b,0,43444,
1600,F{Rs,0,43447,
1601,F{X쒬,0,43468,
1602,F{k,0,43482,
1603,F{Óޖؒ,0,43484,
1604,F{ђ,0,43501,
1605,F{ǖؒ,0,43505,
1606,F{O,0,43506,
1607,F{㑺,0,43507,
1608,F{Ǒ,0,43510,
1609,F{ܖؑ,0,43511,
1610,F{R],0,43512,
1611,F{,0,43513,
1612,F{蒬,0,43514,
1613,F{k,0,43531,
1614,啪啪s,0,44201,
1615,啪ʕ{s,0,44202,
1616,啪Îs,0,44203,
1617,啪cs,0,44204,
1618,啪s,0,44205,
1619,啪Pns,0,44206,
1620,啪Ëvs,0,44207,
1621,啪|cs,o,44208,
1622,啪L㍂cs,0,44209,
1623,啪nzs,0,44210,
1624,啪Fs,0,44211,
1625,啪Ls,0,44212,
1626,啪Rzs,0,44213,
1627,啪s,0,44214,
1628,啪P,0,44322,
1629,啪o,o,44341,
1630,啪d,0,44461,
1631,啪쒬,0,44462,
1632,{茧{s,0,45201,
1633,{茧ss,0,45202,
1634,{茧s,0,45203,
1635,{茧s,0,45204,
1636,{茧юs,0,45205,
1637,{茧s,0,45206,
1638,{茧Ԏs,0,45207,
1639,{茧ss,0,45208,
1640,{茧т̎s,0,45209,
1641,{茧OҒ,0,45341,
1642,{茧,o,45361,
1643,{茧x,o,45382,
1644,{茧,0,45383,
1645,{茧璬,0,45401,
1646,{茧Vx,0,45402,
1647,{茧ėǑ,0,45403,
1648,{茧؏钬,0,45404,
1649,{茧쒬,0,45405,
1650,{茧s_,0,45406,
1651,{茧쒬,0,45421,
1652,{茧ˑ,0,45429,
1653,{茧ŗt,o,45430,
1654,{茧,0,45431,
1655,{茧䒬,o,45441,
1656,{茧Ve,0,45442,
1657,{茧܃,0,45443,
1658,s,0,46201,
1659,s,o,46203,
1660,s,o,46204,
1661,vs,o,46206,
1662,os,o,46208,
1663,whs,o,46210,
1664,V\s,o,46213,
1665,s,0,46214,
1666,Fs,o,46215,
1667,us,o,46216,
1668,]s,o,46217,
1669,s,o,46218,
1670,ؖs,o,46219,
1671,삳܎s,o,46220,
1672,uzus,o,46221,
1673,s,o,46222,
1674,Bs,o,46223,
1675,ɍs,0,46224,
1676,ǎs,o,46225,
1677,O,o,46303,
1678,\,o,46304,
1679,ܒ,o,46392,
1680,,o,46404,
1681,N,o,46452,
1682,蒬,o,46468,
1683,ǒ,o,46482,
1684,э],o,46490,
1685,,o,46491,
1686,̕t,o,46492,
1687,q,0,46501,
1688,q,o,46502,
1689,v,o,46505,
1690,a,o,46523,
1691,F,o,46524,
1692,˓,o,46525,
1693,,o,46527,
1694,E,o,46529,
1695,V,o,46530,
1696,V钬,o,46531,
1697,ɐ咬,0,46532,
1698,a,o,46533,
1699,m,o,46534,
1700,^_,o,46535,
1701,ꌧߔes,0,47201,
1702,ꌧXps,0,47205,
1703,ꌧΊ_s,0,47207,
1704,ꌧYYs,0,47208,
1705,ꌧs,o,47209,
1706,ꌧs,0,47210,
1707,ꌧs,o,47211,
1708,ꌧLs,0,47212,
1709,ꌧ܎s,0,47213,
1710,ꌧ{Ós,o,47214,
1711,ꌧs,o,47215,
1712,ꌧ,0,47301,
1713,ꌧX,0,47302,
1714,ꌧ,o,47303,
1715,ꌧAm,o,47306,
1716,ꌧ{,0,47308,
1717,ꌧ[,o,47311,
1718,ꌧX,0,47313,
1719,ꌧ,0,47314,
1720,ꌧɍ],o,47315,
1721,ꌧǒJ,o,47324,
1722,ꌧÎ[,0,47325,
1723,ꌧkJ,o,47326,
1724,ꌧk鑺,o,47327,
1725,ꌧ鑺,o,47328,
1726,ꌧ,o,47329,
1727,ꌧ^ߌ,0,47348,
1728,ꌧ앗,o,47350,
1729,ꌧnÕ~,o,47353,
1730,ꌧԖ,o,47354,
1731,ꌧ,0,47355,
1732,ꌧn쑺,0,47356,
1733,ꌧ哌,o,47357,
1734,ꌧk哌,o,47358,
1735,ꌧɕ,o,47359,
1736,ꌧɐ,o,47360,
1737,ꌧvē,0,47361,
1738,ꌧd,0,47362,
1739,ꌧǊԑ,0,47375,
1740,ꌧ|x,o,47381,
1741,ꌧ^ߍ,o,47382,